{"cameraMode":{"drawMode":0,"name":"Shaded","section":"Shading Mode"},"sceneLighting":false,"audioPlay":false,"sceneViewState":{"showFog":true,"showMaterialUpdate":false,"showSkybox":false,"showFlares":true,"showImageEffects":true,"showParticleSystems":true},"in2DMode":false,"pivot":{"x":-20.0,"y":2.6513357162475588,"z":-14.046500205993653},"rotation":{"x":0.018567662686109544,"y":0.976286768913269,"z":-0.0934315174818039,"w":0.19465263187885285},"size":5.784084320068359,"orthographic":false}