{"cameraMode":{"drawMode":0,"name":"Shaded","section":"Shading Mode"},"sceneLighting":true,"audioPlay":false,"sceneViewState":{"showFog":true,"showMaterialUpdate":false,"showSkybox":true,"showFlares":true,"showImageEffects":true,"showParticleSystems":true},"in2DMode":false,"pivot":{"x":-0.9343156814575195,"y":0.44795358180999758,"z":1.8900527954101563},"rotation":{"x":0.049196936190128329,"y":0.6920342445373535,"z":-0.04744749143719673,"w":0.7186992168426514},"size":12.265288352966309,"orthographic":false}