{"cameraMode":{"drawMode":0,"name":"Shaded","section":"Shading Mode"},"sceneLighting":true,"audioPlay":false,"sceneViewState":{"showFog":true,"showMaterialUpdate":false,"showSkybox":true,"showFlares":true,"showImageEffects":true,"showParticleSystems":true},"in2DMode":false,"pivot":{"x":-22.63960838317871,"y":1.5383903980255128,"z":1.71053147315979},"rotation":{"x":-0.05249635502696037,"y":-0.8056862354278565,"z":0.06856527179479599,"w":-0.586781919002533},"size":1.5120251178741456,"orthographic":false}