{"cameraMode":{"drawMode":0,"name":"Shaded","section":"Shading Mode"},"sceneLighting":false,"audioPlay":false,"sceneViewState":{"showFog":true,"showMaterialUpdate":false,"showSkybox":false,"showFlares":true,"showImageEffects":true,"showParticleSystems":true},"in2DMode":false,"pivot":{"x":513.534423828125,"y":292.35009765625,"z":617.4541625976563},"rotation":{"x":-0.16275450587272645,"y":0.6629331111907959,"z":-0.15090538561344148,"w":-0.715048611164093},"size":1810.0283203125,"orthographic":false}