{"cameraMode":{"drawMode":0,"name":"Shaded","section":"Shading Mode"},"sceneLighting":true,"audioPlay":false,"sceneViewState":{"showFog":true,"showMaterialUpdate":false,"showSkybox":true,"showFlares":true,"showImageEffects":true,"showParticleSystems":true},"in2DMode":false,"pivot":{"x":-9.070074081420899,"y":3.2962913513183595,"z":-14.390596389770508},"rotation":{"x":0.0012460262514650822,"y":0.9995192885398865,"z":0.019163724035024644,"w":-0.0350763276219368},"size":12.770742416381836,"orthographic":false}